YEAR,BASIN,LOCATION,FISH,DATE,VISIT,POINT,TIME,AIR,SUN,WIND,SPECIES,DETECT,DISTANCE,DOUBLECOUNT,FLYCATCH,LAST3,OBS,SM_TEMP
2014,EASTLA,EASTLA1,1,6/21/14,1,1,714,8,0,1,HETH,S,300,,,,,8
2014,EASTLA,EASTLA1,1,6/21/14,1,1,714,8,0,1,MOCH,C/S,83,,,,,8
2014,EASTLA,EASTLA1,1,6/21/14,1,1,714,8,0,1,DUFL,C,65,,,,,8
2014,EASTLA,EASTLA1,1,6/21/14,1,1,714,8,0,1,ROWR,S,180,,,,,8
2014,EASTLA,EASTLA1,1,6/21/14,1,1,714,8,0,1,CLNU,C,300,,,,,8
2014,EASTLA,EASTLA1,1,6/21/14,1,2,736,8,0,1,ROWR,S,89,,,,,8
2014,EASTLA,EASTLA1,1,6/21/14,1,2,736,8,0,1,ROWR,S,170,,,,,8
2014,EASTLA,EASTLA1,1,6/21/14,1,2,736,8,0,1,DEJU,S,75,,,,,8
2014,EASTLA,EASTLA1,1,6/21/14,1,2,736,8,0,1,GCRF,V,FO,,,,,8
2014,EASTLA,EASTLA1,1,6/21/14,1,2,736,8,0,1,GCRF,V,FO,,,,,8
2014,EASTLA,EASTLA1,1,6/21/14,1,2,736,8,0,1,GCRF,V,FO,,,,,8
2014,EASTLA,EASTLA1,1,6/21/14,1,2,736,8,0,1,ROWR,C,90,,,,,8
2014,EASTLA,EASTLA2,2,6/22/14,1,1,813,na,na,0,DEJU,S,40,,,,,16.5
2014,EASTLA,EASTLA2,2,6/22/14,1,1,813,na,na,0,DEJU,S,38,,,,,16.5
2014,EASTLA,EASTLA2,2,6/22/14,1,1,813,na,na,0,DEJU,V,52,,,,,16.5
2014,EASTLA,EASTLA2,2,6/22/14,1,1,813,na,na,0,DEJU,V,52,,,,,16.5
2014,EASTLA,EASTLA2,2,6/22/14,1,1,813,na,na,0,WIWA,S,35,,,,,16.5
2014,EASTLA,EASTLA2,2,6/22/14,1,2,851,na,na,0,WIWA,V,5,,,,,15.1
2014,EASTLA,EASTLA2,2,6/22/14,1,2,851,na,na,0,WIWA,V,5,,,,,15.1
2014,EASTLA,EASTLA2,2,6/22/14,1,2,851,na,na,0,WCSP,S,300,,,,,15.1
2014,EASTLA,EASTLA2,2,6/22/14,1,2,851,na,na,0,HETH,S,300,,,,,15.1
2014,EASTLA,EASTLA2,2,6/22/14,1,2,851,na,na,0,DEJU,S,17,,,,,15.1
2014,CENTER,CENTER1,1,6/25/14,1,1,939,,na,,GCRF,V,160,,Y,,,18.6
2014,CENTER,CENTER1,1,6/25/14,1,1,939,,na,,GCRF,C,5,,,,,18.6
2014,CENTER,CENTER1,1,6/25/14,1,1,939,,na,,DEJU,S,200,,,,,18.6
2014,CENTER,CENTER1,1,6/25/14,1,1,939,,na,,CLNU,V,28,,,,,18.6
2014,CENTER,CENTER1,1,6/25/14,1,1,939,,na,,CLNU,C,40,,,,,18.6
2014,CENTER,CENTER1,1,6/25/14,1,1,939,,na,,CLNU,C,40,,,,,18.6
2014,CENTER,CENTER1,1,6/25/14,1,1,939,,na,,ROWR,S,210,,,,,18.6
2014,CENTER,CENTER1,1,6/25/14,1,2,959,,na,,ROWR,S,42,,,,,18.8
2014,CENTER,CENTER1,1,6/25/14,1,2,959,,na,,ROWR,S,110,,,,,18.8
2014,CENTER,CENTER1,1,6/25/14,1,2,959,,na,,DUFL,S,missing,,,,,18.8
2014,CENTER,CENTER1,1,6/25/14,1,2,959,,na,,CLNU,V,90,,,,,18.8
2014,CENTER,CENTER1,1,6/25/14,1,2,959,,na,,CLNU,V,61,,,,,18.8
2014,CENTER,CENTER1,1,6/25/14,1,2,959,,na,,GCRF,V,230,,,,,18.8
2014,CENTER,CENTER1,1,6/25/14,1,2,959,,na,,GCRF,V,230,,,,,18.8
2014,CENTER,CENTER1,1,6/25/14,1,2,959,,na,,AMPI,V,27,,,,,18.8
2014,CENTER,CENTER1,1,6/25/14,1,2,959,,na,,DEJU,S,135,,,,,18.8
2014,CENTER,CENTER2,2,6/25/14,1,1,802,,na,0,ROWR,S,270,,,,,8.7
2014,CENTER,CENTER2,2,6/25/14,1,1,802,,na,0,GCRF,V,15,,,,,8.7
2014,CENTER,CENTER2,2,6/25/14,1,1,802,,na,0,GCRF,V,15,,,,,8.7
2014,CENTER,CENTER2,2,6/25/14,1,1,802,,na,0,GCRF,V,15,,,,,8.7
2014,CENTER,CENTER2,2,6/25/14,1,1,802,,na,0,DUFL,S,48,,,,,8.7
2014,CENTER,CENTER2,2,6/25/14,1,1,802,,na,0,AMRO,S,185,,,,,8.7
2014,CENTER,CENTER2,2,6/25/14,1,1,802,,na,0,AMRO,S,72,,,,,8.7
2014,CENTER,CENTER2,2,6/25/14,1,1,802,,na,0,SPSA,S,39,,,,,8.7
2014,CENTER,CENTER2,2,6/25/14,1,2,812,,na,0,DUFL,S,61,Y,,,,9.8
2014,CENTER,CENTER2,2,6/25/14,1,2,812,,na,0,ROWR,S,200,Y,,,,9.8
2014,CENTER,CENTER2,2,6/25/14,1,2,812,,na,0,ROWR,S,90,,,,,9.8
2014,CENTER,CENTER2,2,6/25/14,1,2,812,,na,0,AMRO,S,300,Y,,,,9.8
2014,CENTER,CENTER2,2,6/25/14,1,2,812,,na,0,AMPI,V,68,,Y,,,9.8
2014,CENTER,CENTER2,2,6/25/14,1,3,847,,na,0,CLNU,C,205,,,,,13.5
2014,CENTER,CENTER2,2,6/25/14,1,3,847,,na,0,CLNU,C,205,,,,,13.5
2014,CENTER,CENTER2,2,6/25/14,1,3,847,,na,0,DUFL,C,83,,,,,13.5
2014,CENTER,CENTER2,2,6/25/14,1,3,847,,na,0,GCRF,C,150,,,,,13.5
2014,CENTER,CENTER2,2,6/25/14,1,3,847,,na,0,GCRF,C,150,,,,,13.5
2014,CENTER,CENTER2,2,6/25/14,1,3,847,,na,0,ROWR,S,200,Y,,,,13.5
2014,CENTER,CENTER2,2,6/25/14,1,4,900,,na,0,ROWR,S,90,,,,,15.6
2014,CENTER,CENTER2,2,6/25/14,1,4,900,,na,0,ROWR,S,51,,,,,15.6
2014,CENTER,CENTER2,2,6/25/14,1,4,900,,na,0,CLNU,C,300,,,,,15.6
2014,CENTER,CENTER2,2,6/25/14,1,4,900,,na,0,GCRF,C,10,,,,,15.6
2014,CENTER,CENTER2,2,6/25/14,1,4,900,,na,0,GCRF,C,10,,,,,15.6
2014,AMPHIT,AMPHIT1,1,7/8/14,1,1,702,,na,,ROWR,S,71,,,,,10
2014,AMPHIT,AMPHIT1,1,7/8/14,1,1,702,,na,,ROWR,S,300,,,,,10
2014,AMPHIT,AMPHIT1,1,7/8/14,1,1,702,,na,,GCRF,C,25,,,,,10
2014,AMPHIT,AMPHIT1,1,7/8/14,1,1,702,,na,,GCRF,V,38,,,,,10
2014,AMPHIT,AMPHIT1,1,7/8/14,1,1,702,,na,,GCRF,V,38,,,,,10
2014,AMPHIT,AMPHIT1,1,7/8/14,1,1,702,,na,,GCRF,V,10,,,,,10
2014,AMPHIT,AMPHIT1,1,7/8/14,1,1,702,,na,,WCSP,C,51,,,,,10
2014,AMPHIT,AMPHIT1,1,7/8/14,1,1,702,,na,,WCSP,C,51,,,,,10
2014,AMPHIT,AMPHIT1,1,7/8/14,1,2,734,,na,,AMPI,S,300,,,,,10.5
2014,AMPHIT,AMPHIT1,1,7/8/14,1,2,734,,na,,WCSP,C,47,,,,,10.5
2014,AMPHIT,AMPHIT1,1,7/8/14,1,2,734,,na,,WCSP,C,70,Y,,,,10.5
2014,AMPHIT,AMPHIT1,1,7/8/14,1,2,734,,na,,CLNU,C,300,,,,,10.5
2014,AMPHIT,AMPHIT1,1,7/8/14,1,2,734,,na,,GCRF,C,250,Y,,,,10.5
2014,AMPHIT,AMPHIT1,1,7/8/14,1,2,734,,na,,ROWR,S,300,Y,,,,10.5
2014,AMPHIT,AMPHIT1,1,7/8/14,1,3,749,,na,,GCRF,V,10,Y,,,,11.3
2014,AMPHIT,AMPHIT1,1,7/8/14,1,3,749,,na,,GCRF,V,10,Y,,,,11.3
2014,AMPHIT,AMPHIT1,1,7/8/14,1,3,749,,na,,GCRF,V,10,Y,,,,11.3
2014,AMPHIT,AMPHIT1,1,7/8/14,1,3,749,,na,,GCRF,V,17,Y,,,,11.3
2014,AMPHIT,AMPHIT1,1,7/8/14,1,3,749,,na,,ROWR,S,130,,,,,11.3
2014,AMPHIT,AMPHIT1,1,7/8/14,1,3,749,,na,,ROWR,S,300,Y,,,,11.3
2014,AMPHIT,AMPHIT1,1,7/8/14,1,3,749,,na,,AMPI,S,300,Y,,,,11.3
2014,AMPHIT,AMPHIT1,1,7/8/14,1,4,803,,na,,ROWR,S,300,Y,,,,11.7
2014,AMPHIT,AMPHIT1,1,7/8/14,1,4,803,,na,,WCSP,C,13,,,,,11.7
2014,AMPHIT,AMPHIT1,1,7/8/14,1,4,803,,na,,GCRF,V,20,Y,,,,11.7
2014,AMPHIT,AMPHIT1,1,7/8/14,1,4,803,,na,,GCRF,V,20,Y,,,,11.7
2014,AMPHIT,AMPHIT1,1,7/8/14,1,4,803,,na,,GCRF,V,20,Y,,,,11.7
2014,AMPHIT,AMPHIT1,1,7/8/14,1,4,803,,na,,GCRF,V,20,Y,,,,11.7
2014,AMPHIT,AMPHIT1,1,7/8/14,1,4,803,,na,,AMPI,C,41,,,,,11.7
2014,AMPHIT,AMPHIT2,2,7/8/14,1,1,643,15,na,0,heth,s,125,,,,,13
2014,AMPHIT,AMPHIT2,2,7/8/14,1,1,643,15,na,0,wcsp,s,60,,,,,13
2014,AMPHIT,AMPHIT2,2,7/8/14,1,1,643,15,na,0,deju,s,150,,,,,13
2014,AMPHIT,AMPHIT2,2,7/8/14,1,1,643,15,na,0,clnu,c,100,,,,,13
2014,AMPHIT,AMPHIT2,2,7/8/14,1,1,643,15,na,0,rowr,s,45,,,,,13
2014,AMPHIT,AMPHIT2,2,7/8/14,1,1,643,15,na,0,amro,s,85,,,,,13
2014,AMPHIT,AMPHIT2,2,7/8/14,1,1,643,15,na,0,dufl,s,40,,,,,13
2014,AMPHIT,AMPHIT2,2,7/8/14,1,1,643,15,na,0,gcrf,v,FO,,,,,13
2014,AMPHIT,AMPHIT2,2,7/8/14,1,2,654,15,na,0,rowr,s,150,y,,,,12.8
2014,AMPHIT,AMPHIT2,2,7/8/14,1,2,654,15,na,0,rowr,s,100,,,,,12.8
2014,AMPHIT,AMPHIT2,2,7/8/14,1,2,654,15,na,0,clnu,c,250,y,,,,12.8
2014,AMPHIT,AMPHIT2,2,7/8/14,1,2,654,15,na,0,wcsp,s,200,y,,,,12.8
2014,AMPHIT,AMPHIT2,2,7/8/14,1,3,712,15,na,0,wcsp,v,8,,,,,12.5
2014,AMPHIT,AMPHIT2,2,7/8/14,1,3,712,15,na,0,wcsp,v,8,,,,,12.5
2014,AMPHIT,AMPHIT2,2,7/8/14,1,3,712,15,na,0,rowr,s,400,,,,,12.5
2014,AMPHIT,AMPHIT2,2,7/8/14,1,4,728,15,na,0,rowr,s,100,,,,,12
2014,AMPHIT,AMPHIT2,2,7/8/14,1,4,728,15,na,0,rowr,s,385,y,,,,12
2014,AMPHIT,AMPHIT2,2,7/8/14,1,4,728,15,na,0,heth,s,350,,,,,12
2014,AMPHIT,AMPHIT2,2,7/8/14,1,4,728,15,na,0,clnu,c,300,,,,,12
2014,AMPHIT,AMPHIT2,2,7/8/14,1,4,728,15,na,0,clnu,c,300,,,,,12
2014,AMPHIT,AMPHIT2,2,7/8/14,1,4,728,15,na,0,wcsp,s,75,,,,,12
2014,AMPHIT,AMPHIT2,2,7/8/14,1,4,728,15,na,0,ampi,c,100,,,,,12
2014,AMPHIT,AMPHIT2,2,7/8/14,1,4,728,15,na,0,ampi,c,100,,,,,12
2014,AMPHIT,AMPHIT2,2,7/8/14,1,4,728,15,na,0,ampi,c,100,,,,,12
2014,AMPHIT,AMPHIT2,2,7/8/14,1,5,805,15,na,0,clnu,c,210,,,,,12.2
2014,AMPHIT,AMPHIT2,2,7/8/14,1,5,805,15,na,0,clnu,c,210,,,,,12.2
2014,AMPHIT,AMPHIT2,2,7/8/14,1,5,805,15,na,0,clnu,c,210,,,,,12.2
2014,AMPHIT,AMPHIT2,2,7/8/14,1,5,805,15,na,0,deju,s,200,,,,,12.2
2014,AMPHIT,AMPHIT2,2,7/8/14,1,5,805,15,na,0,wcsp,s,300,,,,,12.2
2014,AMPHIT,AMPHIT2,2,7/8/14,1,5,805,15,na,0,rowr,s,350,y,,,,12.2
2014,AMPHIT,AMPHIT2,2,7/8/14,1,5,805,15,na,0,heth,s,150,,,,,12.2
2014,AMPHIT,AMPHIT2,2,7/8/14,1,5,805,15,na,0,rowr,s,85,,,,,12.2
2014,AMPHIT,AMPHIT2,2,7/8/14,1,5,805,15,na,0,dufl,s,50,,,,,12.2
2015,CENTER,CENTER1,1,5/13/15,1,1,710,-7,0,0,MOCH,S,80,,,,,ND
2015,CENTER,CENTER1,1,5/13/15,1,1,710,-7,0,0,MOCH,S,145,,,,,ND
2015,CENTER,CENTER1,1,5/13/15,1,1,710,-7,0,0,CLNU,C,82,,,,,ND
2015,CENTER,CENTER1,1,5/13/15,1,1,710,-7,0,0,CLNU,V,27,,,,HOPPING BY WATER,ND
2015,CENTER,CENTER1,1,5/13/15,1,1,710,-7,0,0,WCSP,S,75,,,,,ND
2015,CENTER,CENTER1,1,5/13/15,1,1,710,-7,0,0,DUFL,S,30,,,,,ND
2015,CENTER,CENTER1,1,5/13/15,1,1,710,-7,0,0,ROWR,S,51,,,,,ND
2015,CENTER,CENTER1,1,5/13/15,1,1,710,-7,0,0,DEJU,S,100,,,,ACROSS LAKE,ND
2015,CENTER,CENTER1,1,5/13/15,1,1,710,-7,0,0,HETH,S,190,,,,BASE OF UNIV PASS,ND
2015,CENTER,CENTER1,1,5/13/15,1,1,710,-7,0,0,RECR,C,FO,,,,,ND
2015,CENTER,CENTER1,1,5/13/15,1,1,710,-7,0,0,YRWA,S,90,,,,,ND
2015,CENTER,CENTER1,1,5/13/15,1,1,710,-7,0,0,DEJU,C,20,,,,ON SHORE,ND
2015,CENTER,CENTER1,1,5/13/15,1,2,739,-5,0,0,HETH,S,61,1,,,,ND
2015,CENTER,CENTER1,1,5/13/15,1,2,739,-5,0,0,WCSP,S,105,1,,,,ND
2015,CENTER,CENTER1,1,5/13/15,1,2,739,-5,0,0,WCSP,S,69,,,,,ND
2015,CENTER,CENTER1,1,5/13/15,1,2,739,-5,0,0,WCSP,S,40,,,,,ND
2015,CENTER,CENTER1,1,5/13/15,1,2,739,-5,0,0,DEJU,C,39,,,,ON SANDY E SHORE,ND
2015,CENTER,CENTER1,1,5/13/15,1,2,739,-5,0,0,MOCH,C,57,,,,,ND
2015,CENTER,CENTER2,2,5/13/15,1,1,830,3,1,1(3),DUFL,C,32,,,,,2.2
2015,CENTER,CENTER2,2,5/13/15,1,1,830,3,1,1(3),MOCH,C,55,,,,,2.2
2015,CENTER,CENTER2,2,5/13/15,1,1,830,3,1,1(3),HETH,S,89,,,,,2.2
2015,CENTER,CENTER2,2,5/13/15,1,1,830,3,1,1(3),WCSP,S,79,,,,,2.2
2015,CENTER,CENTER2,2,5/13/15,1,1,830,3,1,1(3),HETH,S,145,1,,,"DC WITH BIRD FROM CENTER1, CS WITH HETH S89",2.2
2015,CENTER,CENTER2,2,5/13/15,1,1,830,3,1,1(3),XXXX,C,FO,,,,"GROUP, SINGLE-PITCHED CHATTER ALARM. LIKELY AMPI.",2.2
2015,CENTER,CENTER2,2,5/13/15,1,2,846,4,1,1(5),WCSP,S,35,1,,,,3.7
2015,CENTER,CENTER2,2,5/13/15,1,2,846,4,1,1(5),AMPI,C,88,,,,GROUP. 2 BIRDS FIGHTING(?) IN MIDAIR,3.7
2015,CENTER,CENTER2,2,5/13/15,1,2,846,4,1,1(5),AMPI,C,88,,,,GROUP. 2 BIRDS FIGHTING(?) IN MIDAIR,3.7
2015,CENTER,CENTER2,2,5/13/15,1,2,846,4,1,1(5),AMPI,C,88,,,,GROUP. 2 BIRDS FIGHTING(?) IN MIDAIR,3.7
2015,CENTER,CENTER2,2,5/13/15,1,2,846,4,1,1(5),AMPI,C,88,,,,GROUP. 2 BIRDS FIGHTING(?) IN MIDAIR,3.7
2015,CENTER,CENTER2,2,5/13/15,1,2,846,4,1,1(5),DUFL,C,108,1,,,,3.7
2015,CENTER,CENTER2,2,6/2/15,2,3,648,,0,0.5,AMRO,S,59,,,,,0.1
2015,CENTER,CENTER2,2,6/2/15,2,3,648,,0,0.5,DEJU,V,16,,,,,0.1
2015,CENTER,CENTER2,2,6/2/15,2,3,648,,0,0.5,ROWR,S,120,,,,,0.1
2015,CENTER,CENTER2,2,6/2/15,2,3,648,,0,0.5,WCSP,V,4,,,,,0.1
2015,CENTER,CENTER2,2,6/2/15,2,3,648,,0,0.5,HETH,S,160,,,,,0.1
2015,CENTER,CENTER2,2,6/2/15,2,3,648,,0,0.5,YRWA,S,67,,,,,0.1
2015,CENTER,CENTER2,2,6/2/15,2,3,648,,0,0.5,DUFL,S,38,,,,,0.1
2015,CENTER,CENTER2,2,6/2/15,2,3,648,,0,0.5,XXXX,C,FO,,,,FINCH?,0.1
2015,CENTER,CENTER2,2,6/2/15,2,1,709,,0,0.5,YRWA,S,69,3,,,,0.4
2015,CENTER,CENTER2,2,6/2/15,2,1,709,,0,0.5,ROWR,S,>300,,,,,0.4
2015,CENTER,CENTER2,2,6/2/15,2,1,709,,0,0.5,DEJU,S,27,,,,,0.4
2015,CENTER,CENTER2,2,6/2/15,2,1,709,,0,0.5,WCSP,C,32,,,,,0.4
2015,CENTER,CENTER2,2,6/2/15,2,1,709,,0,0.5,MOCH,S,40,,,,,0.4
2015,CENTER,CENTER2,2,6/2/15,2,1,709,,0,0.5,DEJU,V,30,,,,,0.4
2015,CENTER,CENTER2,2,6/2/15,2,1,709,,0,0.5,WCSP,C,22,,,,,0.4
2015,CENTER,CENTER2,2,6/2/15,2,1,709,,0,0.5,CLNU,V,44,,,,THEN CALLED,0.4
2015,CENTER,CENTER2,2,6/2/15,2,1,709,,0,0.5,CLNU,V,44,,,,THEN CALLED,0.4
2015,CENTER,CENTER2,2,6/2/15,2,1,709,,0,0.5,AMRO,V,12,,,,,0.4
2015,CENTER,CENTER2,2,6/2/15,2,1,709,,0,0.5,AMRO,S,49,,,,,0.4
2015,CENTER,CENTER2,2,6/2/15,2,1,709,,0,0.5,DEJU,S,6,,,,,0.4
2015,CENTER,CENTER2,2,6/2/15,2,1,709,,0,0.5,DEJU,V,6,,,,,0.4
2015,CENTER,CENTER2,2,6/2/15,2,2,727,,0,0.5,ROWR,S,105,,,,ACROSS LAKE,0.9
2015,CENTER,CENTER2,2,6/2/15,2,2,727,,0,0.5,YRWA,S,75,1,,,,0.9
2015,CENTER,CENTER2,2,6/2/15,2,2,727,,0,0.5,WCSP,C,14,,,,FEMALE SOLICIT,0.9
2015,CENTER,CENTER2,2,6/2/15,2,2,727,,0,0.5,WCSP,V,13,,,,,0.9
2015,CENTER,CENTER2,2,6/2/15,2,2,727,,0,0.5,WCSP,C,9,,,,,0.9
2015,CENTER,CENTER2,2,6/2/15,2,2,727,,0,0.5,AMPI,V,29,,,,GROUP-- ALSO CALLED. FLEW TO OTHER SIDE OF LAKE AND BACK,0.9
2015,CENTER,CENTER2,2,6/2/15,2,2,727,,0,0.5,AMPI,V,29,,,,GROUP-- ALSO CALLED. FLEW TO OTHER SIDE OF LAKE AND BACK,0.9
2015,CENTER,CENTER2,2,6/2/15,2,2,727,,0,0.5,AMPI,V,29,,,,GROUP-- ALSO CALLED. FLEW TO OTHER SIDE OF LAKE AND BACK,0.9
2015,CENTER,CENTER2,2,6/2/15,2,2,727,,0,0.5,SPSA,C,96,,,,ACROSS LAKE,0.9
2015,CENTER,CENTER2,2,6/2/15,2,2,727,,0,0.5,ROWR,S,270,,,,ACROSS LAKE,0.9
2015,CENTER,CENTER2,2,6/2/15,2,4,753,,1,0.5,ROWR,C,33,2,,,,4.1
2015,CENTER,CENTER2,2,6/2/15,2,4,753,,1,0.5,SPSA,V,20,2,,,,4.1
2015,CENTER,CENTER2,2,6/2/15,2,4,753,,1,0.5,AMPI,C,60,,,,IN TALUS,4.1
2015,CENTER,CENTER2,2,6/2/15,2,4,753,,1,0.5,AMPI,C,60,,,,IN TALUS,4.1
2015,CENTER,CENTER2,2,6/2/15,2,4,753,,1,0.5,DEJU,C,13,,,,,4.1
2015,CENTER,CENTER2,2,6/2/15,2,4,753,,1,0.5,DEJU,C,13,,,,,4.1
2015,CENTER,CENTER1,1,6/2/15,2,2,834,2,1,2,GCRF,V,5,,,,"ON SHORE, CALLING",9.2
2015,CENTER,CENTER1,1,6/2/15,2,2,834,2,1,2,CLNU,C,95,,,,,9.2
2015,CENTER,CENTER1,1,6/2/15,2,2,834,2,1,2,CLNU,C,95,,,,,9.2
2015,CENTER,CENTER1,1,6/2/15,2,2,834,2,1,2,CLNU,V,2,,,,HUNTING ON SHORE,9.2
2015,CENTER,CENTER1,1,6/2/15,2,2,834,2,1,2,CAFI,S,80,,,,,9.2
2015,CENTER,CENTER1,1,6/2/15,2,2,834,2,1,2,ROWR,S,90,,,,,9.2
2015,CENTER,CENTER1,1,6/2/15,2,2,834,2,1,2,DEJU,S,190,,,,,9.2
2015,CENTER,CENTER1,1,6/2/15,2,2,834,2,1,2,DEJU,S,68,,,,,9.2
2015,CENTER,CENTER1,1,6/2/15,2,2,834,2,1,2,DUFL,C,49,,,,,9.2
2015,CENTER,CENTER1,1,6/2/15,2,2,834,2,1,2,DUFL,C,39,,,,,9.2
2015,CENTER,CENTER1,1,6/2/15,2,2,834,2,1,2,MOCH,C,180,,,,,9.2
2015,CENTER,CENTER1,1,6/2/15,2,2,834,2,1,2,MOCH,S,63,,,,,9.2
2015,CENTER,CENTER1,1,6/2/15,2,2,834,2,1,2,WCSP,S,22,,,,,9.2
2015,CENTER,CENTER1,1,6/2/15,2,2,834,2,1,2,HETH,V,14,,,Y,,9.2
2015,CENTER,CENTER1,1,6/2/15,2,2,834,2,1,2,FOSP,S,95,,,Y,,9.2
2015,CENTER,CENTER1,1,6/2/15,2,2,834,2,1,2,DEJU,V,11,,,Y,PAIR,9.2
2015,CENTER,CENTER1,1,6/2/15,2,2,834,2,1,2,DEJU,V,11,,,Y,PAIR,9.2
2015,CENTER,CENTER1,1,6/2/15,2,1,852,2,1,2,DEJU,S,82,2,,,,12.3
2015,CENTER,CENTER1,1,6/2/15,2,1,852,2,1,2,DEJU,S,200,,,,,12.3
2015,CENTER,CENTER1,1,6/2/15,2,1,852,2,1,2,ROWR,S,45,,,,,12.3
2015,CENTER,CENTER1,1,6/2/15,2,1,852,2,1,2,CLNU,V,29,,,,"GROUP: FORAGING ON SHORE, CALLING IN TREES",12.3
2015,CENTER,CENTER1,1,6/2/15,2,1,852,2,1,2,CLNU,V,30,,,,"GROUP: FORAGING ON SHORE, CALLING IN TREES",12.3
2015,CENTER,CENTER1,1,6/2/15,2,1,852,2,1,2,CLNU,V,31,,,,"GROUP: FORAGING ON SHORE, CALLING IN TREES",12.3
2015,CENTER,CENTER1,1,6/2/15,2,1,852,2,1,2,CLNU,V,32,,,,"GROUP: FORAGING ON SHORE, CALLING IN TREES",12.3
2015,CENTER,CENTER1,1,6/2/15,2,1,852,2,1,2,CLNU,C,15,,,,"GROUP: FORAGING ON SHORE, CALLING IN TREES",12.3
2015,CENTER,CENTER1,1,6/2/15,2,1,852,2,1,2,CLNU,C,15,,,,"GROUP: FORAGING ON SHORE, CALLING IN TREES",12.3
2015,CENTER,CENTER1,1,6/2/15,2,1,852,2,1,2,CLNU,C,15,,,,"GROUP: FORAGING ON SHORE, CALLING IN TREES",12.3
2015,CENTER,CENTER1,1,6/2/15,2,1,852,2,1,2,DUFL,S,32,,,,ACROSS LAKE,12.3
2015,CENTER,CENTER1,1,6/2/15,2,1,852,2,1,2,DUFL,S,40,,,,IN WOODS,12.3
2015,CENTER,CENTER1,1,6/2/15,2,1,852,2,1,2,FOSP,S,70,,,,,12.3
2015,CENTER,CENTER1,1,6/2/15,2,1,852,2,1,2,AMPI,C,55,,,,,12.3
2015,CENTER,CENTER1,1,6/2/15,2,1,852,2,1,2,MOCH,S,90,,,,THEN MOVED CLOSER,12.3
2015,CENTER,CENTER1,1,6/2/15,2,1,852,2,1,2,YRWA,V,4,,,,MALE MOVED CLOSER TO SHORE,12.3
2015,BARRET,BARRETX,1,6/7/15,1,2,713,2,1,3.5,ROWR,S,65,,,,,4.4
2015,BARRET,BARRETX,1,6/7/15,1,2,713,2,1,3.5,ROWR,S,170,,,,,4.4
2015,BARRET,BARRETX,1,6/7/15,1,2,713,2,1,3.5,AMPI,V,180,,,,FORAGING ON ICE IN MIDDLE OF LAKE!,4.4
2015,BARRET,BARRETX,1,6/7/15,1,2,713,2,1,3.5,XXXX,V,FO,,,Y,GCRF?,4.4
2015,BARRET,BARRETX,1,6/7/15,1,3,742,,,,DEJU,S,45,,,,,13.6
2015,BARRET,BARRETX,1,6/7/15,1,3,742,,,,ROWR,S,210,,,,,13.6
2015,BARRET,BARRETX,1,6/7/15,1,3,742,,,,ROWR,S,230,2,,,,13.6
2015,BARRET,BARRETX,1,6/7/15,1,3,742,,,,ROWR,S,270,2,,,,13.6
2015,BARRET,BARRETX,1,6/7/15,1,3,742,,,,CLNU,C,>300,,,,,13.6
2015,BARRET,BARRETX,1,6/7/15,1,3,742,,,,GCRF,V,31,,,,,13.6
2015,BARRET,BARRETX,1,6/7/15,1,3,742,,,,GCRF,C,150,,,Y,,13.6
2015,BARRET,BARRETX,1,6/7/15,1,3,742,,,,DEJU,V,54,,,Y,FEMALE,13.6
2015,BARRET,BARRETX,1,6/7/15,1,3,742,,,,GCRF,V,60,,,Y,,13.6
2015,BARRET,BARRETX,1,6/7/15,1,1,816,4,1,0.5,ROWR,S,270,3,,,,ND
2015,BARRET,BARRETX,1,6/7/15,1,1,816,4,1,0.5,AMPI,C,205,2,,,,ND
2015,BARRET,BARRETX,1,6/7/15,1,1,816,4,1,0.5,ROWR,C,50,2,,,,ND
2015,BARRET,BARRETX,1,6/7/15,1,1,816,4,1,0.5,GCRF,C,250,,,,,ND
2015,BARRET,BARRETX,1,6/7/15,1,1,816,4,1,0.5,DEJU,S,210,,,,,ND
2015,BARRET,BARRETX,1,6/7/15,1,1,816,4,1,0.5,AMPI,V,38,,,,,ND
2015,BARRET,BARRET1,1,6/7/15,1,1,913,3,1,1,AMPI,C,65,,,,,21.7
2015,BARRET,BARRET1,1,6/7/15,1,1,913,3,1,1,AMPI,C,65,,,,,21.7
2015,BARRET,BARRET1,1,6/7/15,1,1,913,3,1,1,GCRF,V,70,,,,,21.7
2015,BARRET,BARRET1,1,6/7/15,1,1,913,3,1,1,ROWR,S,40,,,,,21.7
2015,BARRET,BARRET1,1,6/7/15,1,1,913,3,1,1,WCSP,S,38,,,,,21.7
2015,BARRET,BARRET1,1,6/7/15,1,1,913,3,1,1,GCRF,S,110,,,,,21.7
2015,BARRET,BARRET1,1,6/7/15,1,1,913,3,1,1,DEJU,C,58,,,Y,,21.7
2015,BARRET,BARRET1,1,6/7/15,1,2,943,5,1,1,AMPI,S,29,,,,,18.3
2015,BARRET,BARRET1,1,6/7/15,1,2,943,5,1,1,WCSP,C,25,,,,,18.3
2015,BARRET,BARRET1,1,6/7/15,1,2,943,5,1,1,ROWR,S,230,1,,,,18.3
2015,BARRET,BARRET1,1,6/7/15,1,2,943,5,1,1,WCSP,S,250,1,,,,18.3
2015,BARRET,BARRET1,1,6/7/15,1,2,943,5,1,1,ROWR,V,37,,,,PAIR,18.3
2015,BARRET,BARRET1,1,6/7/15,1,2,943,5,1,1,ROWR,S,37,,,,PAIR,18.3
2015,AMPHIT,AMPHIT2,2,6/8/15,1,2,726,3,1,1,ROWR,S,65,,,,,17.4
2015,AMPHIT,AMPHIT2,2,6/8/15,1,2,726,3,1,1,ROWR,S,130,,,,,17.4
2015,AMPHIT,AMPHIT2,2,6/8/15,1,2,726,3,1,1,HETH,S,55,,,,ON STEEP VEG SLOPE OPPOSITE OF POINT,17.4
2015,AMPHIT,AMPHIT2,2,6/8/15,1,2,726,3,1,1,YRWA,S,38,,,,ON STEEP VEG SLOPE OPPOSITE OF POINT,17.4
2015,AMPHIT,AMPHIT2,2,6/8/15,1,1,748,3,1,2,ROWR,S,43,2,,,,23.7
2015,AMPHIT,AMPHIT2,2,6/8/15,1,1,748,3,1,2,CLNU,C,>300,,,,,23.7
2015,AMPHIT,AMPHIT2,2,6/8/15,1,1,748,3,1,2,HETH,S,>300,,,,,23.7
2015,AMPHIT,AMPHIT2,2,6/8/15,1,1,748,3,1,2,DEJU,S,48,,,,,23.7
2015,AMPHIT,AMPHIT2,2,6/8/15,1,1,748,3,1,2,ROWR,S,51,,,,CS WITH 1ST ROWR,23.7
2015,AMPHIT,AMPHIT2,2,6/8/15,1,1,748,3,1,2,YRWA,S,45,2,,,,23.7
2015,AMPHIT,AMPHIT2,2,6/8/15,1,1,748,3,1,2,AMRO,C,200,,,,,23.7
2015,AMPHIT,AMPHIT2,2,6/8/15,1,1,748,3,1,2,WCSP,S,150,,,Y,,23.7
2015,AMPHIT,AMPHIT2,2,6/8/15,1,3,816,7,1,2.5,YRWA,S,180,1,,,,27.2
2015,AMPHIT,AMPHIT2,2,6/8/15,1,3,816,7,1,2.5,ROWR,S,190,1,,,,27.2
2015,AMPHIT,AMPHIT2,2,6/8/15,1,3,816,7,1,2.5,HETH,S,>300,1,,,,27.2
2015,AMPHIT,AMPHIT2,2,6/8/15,1,4,838,3,1,2.5,GCRF,C,300,,,,ACROSS LAKE,28.4
2015,AMPHIT,AMPHIT2,2,6/8/15,1,4,838,3,1,2.5,GCRF,C,300,,,,ACROSS LAKE,28.4
2015,AMPHIT,AMPHIT2,2,6/8/15,1,4,838,3,1,2.5,CLNU,C,210,,,,,28.4
2015,AMPHIT,AMPHIT2,2,6/8/15,1,4,838,3,1,2.5,ROWR,S,39,,,,UPSLOPE,28.4
2015,AMPHIT,AMPHIT2,2,6/8/15,1,5,901,2,1,2.5,WCSP,V,16,,,,FLEW TO WILLOW-- NEST?,29.5
2015,AMPHIT,AMPHIT2,2,6/8/15,1,5,901,2,1,2.5,GCRF,V,12,,,,PAIR-- FLEW TO TALUS TOGETHER,29.5
2015,AMPHIT,AMPHIT2,2,6/8/15,1,5,901,2,1,2.5,GCRF,V,12,,,,PAIR-- FLEW TO TALUS TOGETHER,29.5
2015,AMPHIT,AMPHIT1,1,6/9/15,1,1,722,2,1,0(4),AMPI,C,22,,,,ALARM CALL,7.4
2015,AMPHIT,AMPHIT1,1,6/9/15,1,1,722,2,1,0(4),GCRF,V,11,,,,WATER'S EDGE,7.4
2015,AMPHIT,AMPHIT1,1,6/9/15,1,1,722,2,1,0(4),GCRF,V,11,,,,WATER'S EDGE,7.4
2015,AMPHIT,AMPHIT1,1,6/9/15,1,1,722,2,1,0(4),GCRF,V,6,,,,WATER'S EDGE,7.4
2015,AMPHIT,AMPHIT1,1,6/9/15,1,1,722,2,1,0(4),DEJU,V,6,,,,PAIR FORAGING ON GRASS,7.4
2015,AMPHIT,AMPHIT1,1,6/9/15,1,1,722,2,1,0(4),DEJU,V,6,,,,PAIR FORAGING ON GRASS,7.4
2015,AMPHIT,AMPHIT1,1,6/9/15,1,1,722,2,1,0(4),ROWR,S,130,,,,,7.4
2015,AMPHIT,AMPHIT1,1,6/9/15,1,1,722,2,1,0(4),GCRF,C,6,,,,"JOINED BRIEFLY BY GCRF ABOVE, THEN FLEW TO UPPER POND",7.4
2015,AMPHIT,AMPHIT1,1,6/9/15,1,1,722,2,1,0(4),GCRF,C,6,,,,"JOINED BRIEFLY BY GCRF ABOVE, THEN FLEW TO UPPER POND",7.4
2015,AMPHIT,AMPHIT1,1,6/9/15,1,2,744,3,1,2(4),AMPI,C,220,,,,,8.2
2015,AMPHIT,AMPHIT1,1,6/9/15,1,2,744,3,1,2(4),GCRF,C,>300,,,,,8.2
2015,AMPHIT,AMPHIT1,1,6/9/15,1,2,744,3,1,2(4),GCRF,C,>300,,,,,8.2
2015,AMPHIT,AMPHIT1,1,6/9/15,1,2,744,3,1,2(4),ROWR,S,220,,,Y,TO THE SOUTH,8.2
2015,AMPHIT,AMPHIT1,1,6/9/15,1,2,744,3,1,2(4),GCRF,V,14,,,Y,FORAGING FOR INSECTS ON ICE!,8.2
2015,AMPHIT,AMPHIT1,1,6/9/15,1,3,803,4,0,3.5,GCRF,V,12,2,,,"MALE CHASED FEMALE-- ATTEMPTED COPULATION, DID NOT SEE FEMALE SOLICIT. ",8.9
2015,AMPHIT,AMPHIT1,1,6/9/15,1,3,803,4,0,3.5,GCRF,V,12,2,,,"MALE CHASED FEMALE-- ATTEMPTED COPULATION, DID NOT SEE FEMALE SOLICIT. ",8.9
2015,AMPHIT,AMPHIT1,1,6/9/15,1,3,803,4,0,3.5,ROWR,S,49,2,,Y,,8.9
2015,AMPHIT,AMPHIT1,1,6/9/15,1,3,803,4,0,3.5,GCRF,V,37,2,Y,Y,,8.9
2015,AMPHIT,AMPHIT1,1,6/9/15,1,4,819,4,0,4,AMPI,C,15,3,,,ALARM CALL,9.8
2015,AMPHIT,AMPHIT1,1,6/9/15,1,4,819,4,0,4,GCRF,V,49,3,,,,9.8
2015,AMPHIT,AMPHIT1,1,6/9/15,1,4,819,4,0,4,GCRF,C,45,3,,,,9.8
2015,AMPHIT,AMPHIT1,1,6/9/15,1,4,819,4,0,4,ROWR,S,>300,3,,,,9.8
2015,AMPHIT,AMPHIT1,1,6/9/15,1,4,819,4,0,4,GCRF,V,18,,,,FORAGE ON GRASS,9.8
2015,WRIGHT,WRIGHT1,1,6/20/15,1,1,651,7,1,2(4),GCRF,C,FO,,,,,9.2
2015,WRIGHT,WRIGHT1,1,6/20/15,1,1,651,7,1,2(4),ROWR,S,170,,,,SAME FROM N/S SHORES?,9.2
2015,WRIGHT,WRIGHT1,1,6/20/15,1,1,651,7,1,2(4),WCSP,C,100,,,,,9.2
2015,WRIGHT,WRIGHT1,1,6/20/15,1,1,651,7,1,2(4),GCRF,V,FO,,,Y,,9.2
2015,WRIGHT,WRIGHT1,1,6/20/15,1,1,651,7,1,2(4),BRBL,V,62,,,Y,FORAGING ON SHORELINE,9.2
2015,WRIGHT,WRIGHT1,1,6/20/15,1,2,740,11,1,0.5,WCSP,C,13,,,,PAIR,21.2
2015,WRIGHT,WRIGHT1,1,6/20/15,1,2,740,11,1,0.5,WCSP,C,13,,,,PAIR,21.2
2015,WRIGHT,WRIGHT1,1,6/20/15,1,2,740,11,1,0.5,WCSP,V,55,,,,,21.2
2015,WRIGHT,WRIGHT1,1,6/20/15,1,2,740,11,1,0.5,WCSP,V,55,,,,,21.2
2015,WRIGHT,WRIGHT1,1,6/20/15,1,2,740,11,1,0.5,GCRF,V,35,,,,,21.2
2015,WRIGHT,WRIGHT1,1,6/20/15,1,2,740,11,1,0.5,GCRF,V,35,,,,,21.2
2015,WRIGHT,WRIGHT1,1,6/20/15,1,2,740,11,1,0.5,GCRF,V,35,,,,,21.2
2015,WRIGHT,WRIGHT1,1,6/20/15,1,3,808,12,1,0.5,GCRF,V,46,,,,GROUP,24.9
2015,WRIGHT,WRIGHT1,1,6/20/15,1,3,808,12,1,0.5,GCRF,V,46,,,,GROUP,24.9
2015,WRIGHT,WRIGHT1,1,6/20/15,1,3,808,12,1,0.5,GCRF,V,46,,,,GROUP,24.9
2015,WRIGHT,WRIGHT1,1,6/20/15,1,3,808,12,1,0.5,GCRF,V,46,,,,GROUP,24.9
2015,WRIGHT,WRIGHT1,1,6/20/15,1,3,808,12,1,0.5,WCSP,V,70,,,,,24.9
2015,WRIGHT,WRIGHT1,1,6/20/15,1,3,808,12,1,0.5,ROWR,C,80,,,,,24.9
2015,WRIGHT,WRIGHT2,2,6/20/15,1,1,852,13,1,0,DUFL,S,70,,,,,47.5
2015,WRIGHT,WRIGHT2,2,6/20/15,1,1,852,13,1,0,MOBL,S,95,,,,,47.5
2015,WRIGHT,WRIGHT2,2,6/20/15,1,1,852,13,1,0,GCRF,C,8,,,,,47.5
2015,WRIGHT,WRIGHT2,2,6/20/15,1,1,852,13,1,0,XXXX,V,33,,,,NM CARRY-- WARBLER?,47.5
2015,WRIGHT,WRIGHT2,2,6/20/15,1,1,852,13,1,0,WCSP,S,51,,,,N SIDE,47.5
2015,WRIGHT,WRIGHT2,2,6/20/15,1,1,852,13,1,0,WCSP,S,100,,,,S SIDE,47.5
2015,WRIGHT,WRIGHT2,2,6/20/15,1,1,852,13,1,0,ROWR,C,150,,,,ACROSS LAKE,47.5
2015,WRIGHT,WRIGHT2,2,6/20/15,1,1,852,13,1,0,ROWR,S,85,,,,SOUNDED LIKE VATH AT TIMES,47.5
2015,UPKERN,UPKERN1,1,6/22/15,1,1,703,4,0,0,GCRF,V,14,,,,FAR SHORE,3.1
2015,UPKERN,UPKERN1,1,6/22/15,1,1,703,4,0,0,ROWR,S,150,,,,ACROSS LAKE,3.1
2015,UPKERN,UPKERN1,1,6/22/15,1,1,703,4,0,0,AMPI,V,67,,,,SITTING ON ROCK,3.1
2015,UPKERN,UPKERN1,1,6/22/15,1,1,703,4,0,0,ROWR,S,90,,,,,3.1
2015,UPKERN,UPKERN1,1,6/22/15,1,1,703,4,0,0,DEJU,S,140,,,,,3.1
2015,UPKERN,UPKERN1,1,6/22/15,1,1,703,4,0,0,AMPI,V,31,,,,NM CARRY OR FOOD CARRY,3.1
2015,UPKERN,UPKERN1,1,6/22/15,1,1,703,4,0,0,GCRF,V,6,,,Y,,3.1
2015,UPKERN,UPKERN1,1,6/22/15,1,1,703,4,0,0,ROWR,S,200,,,Y,,3.1
2015,CENTER,CENTER1,1,6/23/15,3,1,704,4,0,0,FOSP,S,38,2,,,,5.2
2015,CENTER,CENTER1,1,6/23/15,3,1,704,4,0,0,AMRO,V,11,2,,,,5.2
2015,CENTER,CENTER1,1,6/23/15,3,1,704,4,0,0,AMRO,V,90,,,,,5.2
2015,CENTER,CENTER1,1,6/23/15,3,1,704,4,0,0,DUFL,S,26,,,,,5.2
2015,CENTER,CENTER1,1,6/23/15,3,1,704,4,0,0,CLNU,C,40,,,,,5.2
2015,CENTER,CENTER1,1,6/23/15,3,1,704,4,0,0,DEJU,V,29,,,,,5.2
2015,CENTER,CENTER1,1,6/23/15,3,1,704,4,0,0,DEJU,S,45,,,,,5.2
2015,CENTER,CENTER1,1,6/23/15,3,1,704,4,0,0,XXSP,C,2,,,,WCSP OR DEJU,5.2
2015,CENTER,CENTER1,1,6/23/15,3,1,704,4,0,0,GCRF,C,52,,,,ON WATER,5.2
2015,CENTER,CENTER1,1,6/23/15,3,1,704,4,0,0,GCRF,V,63,,,,"LATER, FORAGING NEAR LAKE",5.2
2015,CENTER,CENTER1,1,6/23/15,3,1,704,4,0,0,GCRF,V,63,,,,"LATER, FORAGING NEAR LAKE",5.2
2015,CENTER,CENTER1,1,6/23/15,3,1,704,4,0,0,GCRF,V,63,,,,"LATER, FORAGING NEAR LAKE",5.2
2015,CENTER,CENTER1,1,6/23/15,3,1,704,4,0,0,CLNU,C,220,,,,,5.2
2015,CENTER,CENTER1,1,6/23/15,3,1,704,4,0,0,CLNU,C,220,,,,,5.2
2015,CENTER,CENTER1,1,6/23/15,3,1,704,4,0,0,HETH,S,69,2,,,,5.2
2015,CENTER,CENTER1,1,6/23/15,3,1,704,4,0,0,CAFI,C,FO,,,,,5.2
2015,CENTER,CENTER1,1,6/23/15,3,1,704,4,0,0,CAFI,C,FO,,,,,5.2
2015,CENTER,CENTER1,1,6/23/15,3,1,704,4,0,0,CAFI,C,FO,,,,,5.2
2015,CENTER,CENTER1,1,6/23/15,3,1,704,4,0,0,CAFI,C,FO,,,,,5.2
2015,CENTER,CENTER1,1,6/23/15,3,2,643,2,0,0,CLNU,C,70,,,,,4.9
2015,CENTER,CENTER1,1,6/23/15,3,2,643,2,0,0,MOCH,S,90,,,,,4.9
2015,CENTER,CENTER1,1,6/23/15,3,2,643,2,0,0,MOCH,S,150,,,,,4.9
2015,CENTER,CENTER1,1,6/23/15,3,2,643,2,0,0,HETH,S,110,,,,,4.9
2015,CENTER,CENTER1,1,6/23/15,3,2,643,2,0,0,HETH,S,69,,,,,4.9
2015,CENTER,CENTER1,1,6/23/15,3,2,643,2,0,0,NOFL,C,>300,,,,,4.9
2015,CENTER,CENTER1,1,6/23/15,3,2,643,2,0,0,AMRO,V,130,,,,"PAIR NEAR LAKE, FAR SIDE",4.9
2015,CENTER,CENTER1,1,6/23/15,3,2,643,2,0,0,AMRO,V,130,,,,"PAIR NEAR LAKE, FAR SIDE",4.9
2015,CENTER,CENTER1,1,6/23/15,3,2,643,2,0,0,FOSP,S,160,,,,,4.9
2015,CENTER,CENTER1,1,6/23/15,3,2,643,2,0,0,YRWA,S,65,,,Y,,4.9
2015,CENTER,CENTER1,1,6/23/15,3,2,643,2,0,0,FOSP,S,220,,,Y,,4.9
2015,CENTER,CENTER2,2,6/23/15,3,4,815,10,1,1.5,ROWR,C,25,,,,,13.8
2015,CENTER,CENTER2,2,6/23/15,3,4,815,10,1,1.5,WCSP,S,155,,,,NEAR OUTLET,13.8
2015,CENTER,CENTER2,2,6/23/15,3,4,815,10,1,1.5,GCRF,C,45,,,,,13.8
2015,CENTER,CENTER2,2,6/23/15,3,4,815,10,1,1.5,SPSA,V,260,,,,OTHER SIDE OF LAKE BEYOND SM,13.8
2015,CENTER,CENTER2,2,6/23/15,3,3,832,11,1,0,DEJU,S,40,,,,,13.8
2015,CENTER,CENTER2,2,6/23/15,3,3,832,11,1,0,DEJU,S,150,,,,,13.8
2015,CENTER,CENTER2,2,6/23/15,3,3,832,11,1,0,WCSP,S,38,4,,,,13.8
2015,CENTER,CENTER2,2,6/23/15,3,3,832,11,1,0,SPSA,S,100,,,,ON SHORE,13.8
2015,CENTER,CENTER2,2,6/23/15,3,3,832,11,1,0,CAFI,S,61,,,,,13.8
2015,CENTER,CENTER2,2,6/23/15,3,3,832,11,1,0,CLNU,C,200,,,,,13.8
2015,CENTER,CENTER2,2,6/23/15,3,3,832,11,1,0,ROWR,C,165,4,,,,13.8
2015,CENTER,CENTER2,2,6/23/15,3,3,832,11,1,0,GCRF,V,FO,,,,,13.8
2015,CENTER,CENTER2,2,6/23/15,3,3,832,11,1,0,GCRF,V,FO,,,,,13.8
2015,CENTER,CENTER2,2,6/23/15,3,3,832,11,1,0,WCSP,S,180,,,,,13.8
2015,CENTER,CENTER2,2,6/23/15,3,3,832,11,1,0,AMPI,V,FO,,,,,13.8
2015,CENTER,CENTER2,2,6/23/15,3,3,832,11,1,0,AMPI,V,FO,,,,,13.8
2015,CENTER,CENTER2,2,6/23/15,3,3,832,11,1,0,AMPI,V,FO,,,,,13.8
2015,CENTER,CENTER2,2,6/23/15,3,3,832,11,1,0,AMPI,V,FO,,,Y,,13.8
2015,CENTER,CENTER2,2,6/23/15,3,3,832,11,1,0,DUFL,S,36,,,Y,,13.8
2015,CENTER,CENTER2,2,6/23/15,3,1,904,12,1,1,HETH,S,210,,,,,17.1
2015,CENTER,CENTER2,2,6/23/15,3,1,904,12,1,1,HETH,S,>300,,,,,17.1
2015,CENTER,CENTER2,2,6/23/15,3,1,904,12,1,1,SPSA,S,46,3,,,,17.1
2015,CENTER,CENTER2,2,6/23/15,3,1,904,12,1,1,DEJU,S,30,3,,,,17.1
2015,CENTER,CENTER2,2,6/23/15,3,1,904,12,1,1,DEJU,C,19,,,,,17.1
2015,CENTER,CENTER2,2,6/23/15,3,1,904,12,1,1,AMRO,V,23,,,,ON SHORE,17.1
2015,CENTER,CENTER2,2,6/23/15,3,1,904,12,1,1,DUFL,C,41,,,,DO HIC,17.1
2015,CENTER,CENTER2,2,6/23/15,3,1,904,12,1,1,GCRF,C,FO,,,,GROUP- DC?,17.1
2015,CENTER,CENTER2,2,6/23/15,3,1,904,12,1,1,GCRF,C,FO,,,,GROUP- DC?,17.1
2015,CENTER,CENTER2,2,6/23/15,3,1,904,12,1,1,GCRF,C,FO,,,,GROUP- DC?,17.1
2015,CENTER,CENTER2,2,6/23/15,3,1,904,12,1,1,GCRF,C,FO,,,,GROUP- DC?,17.1
2015,CENTER,CENTER2,2,6/23/15,3,1,904,12,1,1,GCRF,C,FO,,,,GROUP- DC?,17.1
2015,CENTER,CENTER2,2,6/23/15,3,1,904,12,1,1,GCRF,C,FO,,,,GROUP- DC?,17.1
2015,CENTER,CENTER2,2,6/23/15,3,1,904,12,1,1,DEJU,V,33,,,Y,PAIR,17.1
2015,CENTER,CENTER2,2,6/23/15,3,1,904,12,1,1,DEJU,V,33,,,Y,PAIR,17.1
2015,CENTER,CENTER2,2,6/23/15,3,2,921,12,1,1(4),SPSA,C,70,3,,,,ND
2015,CENTER,CENTER2,2,6/23/15,3,2,921,12,1,1(4),DUFL,S,51,,,,,ND
2015,CENTER,CENTER2,2,6/23/15,3,2,921,12,1,1(4),CLNU,V,230,,,,,ND
2015,CENTER,CENTER2,2,6/23/15,3,2,921,12,1,1(4),DEJU,S,140,,,,,ND
2015,CENTER,CENTER2,2,6/23/15,3,2,921,12,1,1(4),ROWR,C,110,,,,,ND
2015,CENTER,CENTER2,2,6/23/15,3,2,921,12,1,1(4),WCSP,S,98,,,,,ND
2015,CENTER,CENTER2,2,6/23/15,3,2,921,12,1,1(4),WCSP,S,120,,,Y,,ND
2015,CENTER,CENTER2,2,6/23/15,3,2,921,12,1,1(4),DEJU,S,16,,,Y,,ND
2015,BARRET,BARRET1,1,7/4/15,2,1,655,10,0,3,DEJU,S,52,,,,,13.3
2015,BARRET,BARRET1,1,7/4/15,2,1,655,10,0,3,DEJU,S,79,,,,,13.3
2015,BARRET,BARRET1,1,7/4/15,2,1,655,10,0,3,ROWR,S,75,,,,,13.3
2015,BARRET,BARRET1,1,7/4/15,2,1,655,10,0,3,AMPI,S,96,,,,,13.3
2015,BARRET,BARRET1,1,7/4/15,2,1,655,10,0,3,CLNU,C,100,,,,,13.3
2015,BARRET,BARRET1,1,7/4/15,2,1,655,10,0,3,GCRF,V,51,,,,,13.3
2015,BARRET,BARRET1,1,7/4/15,2,1,655,10,0,3,AMPI,V,45,,,,,13.3
2015,BARRET,BARRET1,1,7/4/15,2,1,655,10,0,3,GCRF,V,7,,,Y,,13.3
2015,BARRET,BARRET1,1,7/4/15,2,1,655,10,0,3,AMPI,V,12,,,Y,,13.3
2015,BARRET,BARRET1,1,7/4/15,2,2,732,8,0,1,AMPI,C,160,1,,,,ND
2015,BARRET,BARRET1,1,7/4/15,2,2,732,8,0,1,WCSP,S,165,,,,,ND
2015,BARRET,BARRET1,1,7/4/15,2,2,732,8,0,1,DEJU,S,110,,,,,ND
2015,BARRET,BARRET1,1,7/4/15,2,2,732,8,0,1,AMPI,V,23,,,,,ND
2015,BARRET,BARRET1,1,7/4/15,2,2,732,8,0,1,AMPI,C,65,,,,VERY HIGH FLIGHT,ND
2015,BARRET,BARRET1,1,7/4/15,2,2,732,8,0,1,ROWR,S,165,1,,,,ND
2015,BARRET,BARRET1,1,7/4/15,2,2,732,8,0,1,GCRF,V,39,,,,"GROUP OF 3, THEN 2 JOINED",ND
2015,BARRET,BARRET1,1,7/4/15,2,2,732,8,0,1,GCRF,V,39,,,,"GROUP OF 3, THEN 2 JOINED",ND
2015,BARRET,BARRET1,1,7/4/15,2,2,732,8,0,1,GCRF,V,39,,,,"GROUP OF 3, THEN 2 JOINED",ND
2015,BARRET,BARRET1,1,7/4/15,2,2,732,8,0,1,GCRF,V,39,,,,"GROUP OF 3, THEN 2 JOINED",ND
2015,BARRET,BARRET1,1,7/4/15,2,2,732,8,0,1,GCRF,V,39,,,Y,"GROUP OF 3, THEN 2 JOINED",ND
2015,BARRET,BARRET2,2,7/4/15,2,1,824,12,0,2,WCSP,V,28,,,,,12.7
2015,BARRET,BARRET2,2,7/4/15,2,1,824,12,0,2,WCSP,S,65,,,,,12.7
2015,BARRET,BARRET2,2,7/4/15,2,1,824,12,0,2,WCSP,S,190,,,,,12.7
2015,BARRET,BARRET2,2,7/4/15,2,1,824,12,0,2,GCRF,V,30,,,,,12.7
2015,BARRET,BARRET2,2,7/4/15,2,1,824,12,0,2,GCRF,V,30,,,,,12.7
2015,BARRET,BARRET2,2,7/4/15,2,1,824,12,0,2,DEJU,S,69,,,,,12.7
2015,BARRET,BARRET2,2,7/4/15,2,1,824,12,0,2,WCSP,S,270,,,,,12.7
2015,BARRET,BARRET2,2,7/4/15,2,1,824,12,0,2,GCRF,C,260,,,Y,,12.7
2015,BARRET,BARRET2,2,7/4/15,2,1,824,12,0,2,DEJU,S,170,,,Y,,12.7
2015,BARRET,BARRET2,2,7/4/15,2,1,824,12,0,2,ROWR,S,300,,,Y,ACROSS LAKE,12.7
2015,BARRET,BARRET2,2,7/4/15,2,1,824,12,0,2,AMPI,V,19,,,Y,INSECT IN BILL,12.7
2015,BARRET,BARRET2,2,7/4/15,2,1,824,12,0,2,AMPI,C,>300,,,Y,ACROSS LAKE,12.7
2015,BARRET,BARRET2,2,7/4/15,2,2,913,13,0,1(2),WCSP,S,39,1,,,,ND
2015,BARRET,BARRET2,2,7/4/15,2,2,913,13,0,1(2),WCSP,S,60,1,,,,ND
2015,BARRET,BARRET2,2,7/4/15,2,2,913,13,0,1(2),GCRF,V,11,1,,,FORAGING IN GRASS,ND
2015,BARRET,BARRET2,2,7/4/15,2,2,913,13,0,1(2),GCRF,V,11,1,,,,ND
2015,BARRET,BARRET2,2,7/4/15,2,2,913,13,0,1(2),GCRF,V,11,1,,,,ND
2015,BARRET,BARRET2,2,7/4/15,2,2,913,13,0,1(2),GCRF,V,11,1,,,,ND
2015,BARRET,BARRET2,2,7/4/15,2,2,913,13,0,1(2),GCRF,V,35,1,,,"MALE DISPLAYING WITH WINGS, POSSIBLE COPULATION",ND
2015,BARRET,BARRET2,2,7/4/15,2,2,913,13,0,1(2),AMPI,V,41,,,,,ND
2015,BARRET,BARRET2,2,7/4/15,2,2,913,13,0,1(2),AMPI,V,36,,,,FLEDGLING?,ND
2015,BARRET,BARRET2,2,7/4/15,2,3,930,13,0,1,WCSP,S,150,2,,,,ND
2015,BARRET,BARRET2,2,7/4/15,2,3,930,13,0,1,GCRF,V,37,2,,,,ND
2015,BARRET,BARRET2,2,7/4/15,2,3,930,13,0,1,GCRF,V,37,2,,,,ND
2015,BARRET,BARRET2,2,7/4/15,2,3,930,13,0,1,GCRF,V,37,2,,,,ND
2015,BARRET,BARRET2,2,7/4/15,2,3,930,13,0,1,WCSP,S,55,2,,,,ND
2015,BARRET,BARRET2,2,7/4/15,2,3,930,13,0,1,GCRF,V,15,2,,,,ND
2015,BARRET,BARRET2,2,7/4/15,2,3,930,13,0,1,GCRF,V,20,2,,Y,,ND
2015,BARRET,BARRET2,2,7/4/15,2,3,930,13,0,1,GCRF,V,20,2,,Y,,ND
2015,BARRET,BARRET2,2,7/4/15,2,4,945,15,0,2,GCRF,C,40,3,,,,ND
2015,BARRET,BARRET2,2,7/4/15,2,4,945,15,0,2,WCSP,S,250,2,,,,ND
2015,BARRET,BARRET2,2,7/4/15,2,5,1003,15,0,2,GCRF,V,4,1,,,,ND
2015,BARRET,BARRET2,2,7/4/15,2,5,1003,15,0,2,GCRF,V,8,1,,,,ND
2015,BARRET,BARRET2,2,7/4/15,2,5,1003,15,0,2,GCRF,V,8,1,,,,ND
2015,BARRET,BARRET2,2,7/4/15,2,5,1003,15,0,2,ROWR,S,81,,,,NEAR OUTLET,ND
2015,BARRET,BARRET2,2,7/4/15,2,5,1003,15,0,2,ROWR,S,14,,,,,ND
2015,BARRET,BARRET2,2,7/4/15,2,5,1003,15,0,2,GCRF,V,FO,3,,,,ND
2015,BARRET,BARRET2,2,7/4/15,2,5,1003,15,0,2,GCRF,V,FO,3,,,,ND
2015,BARRET,BARRET2,2,7/4/15,2,5,1003,15,0,2,WCSP,S,400,,,,,ND
2015,BARRET,BARRET2,2,7/4/15,2,5,1003,15,0,2,ROWR,S,285,,,,,ND
2015,BARRET,BARRET2,2,7/4/15,2,5,1003,15,0,2,AMPI,C,310,,,Y,,ND
2015,AMPHIT,AMPHIT2,2,7/6/15,2,5,712,8,1,0,WCSP,C,17,,,,PAIR WITH WCSP BELOW-- NEST OR FLEDGLINGS NEARBY?,12
2015,AMPHIT,AMPHIT2,2,7/6/15,2,5,712,8,1,0,CLNU,C,>300,,,,ON N SIDE OF LAKE,12
2015,AMPHIT,AMPHIT2,2,7/6/15,2,5,712,8,1,0,WCSP,C,20,,,,PAIR WITH WCSP ABOVE-- BOTH CHIPPING,12
2015,AMPHIT,AMPHIT2,2,7/6/15,2,5,712,8,1,0,WCSP,V,24,,,,,12
2015,AMPHIT,AMPHIT2,2,7/6/15,2,5,712,8,1,0,HETH,S,>300,,,,UPSLOPE,12
2015,AMPHIT,AMPHIT2,2,7/6/15,2,4,735,8,0,0,CLNU,C,>300,5,,,,23.4
2015,AMPHIT,AMPHIT2,2,7/6/15,2,4,735,8,0,0,WCSP,S,190,5,,,,23.4
2015,AMPHIT,AMPHIT2,2,7/6/15,2,4,735,8,0,0,WCSP,S,68,,,,,23.4
2015,AMPHIT,AMPHIT2,2,7/6/15,2,4,735,8,0,0,HETH,S,>300,5,,Y,,23.4
2015,AMPHIT,AMPHIT2,2,7/6/15,2,3,819,8,1,0,DEJU,S,88,,,,,23.4
2015,AMPHIT,AMPHIT2,2,7/6/15,2,3,819,8,1,0,ROWR,S,>300,,,,OPPOSITE SHORE,23.4
2015,AMPHIT,AMPHIT2,2,7/6/15,2,3,819,8,1,0,WIWA,C,59,,,,IN WILLOWS BY INLET-- NF LATER,23.4
2015,AMPHIT,AMPHIT2,2,7/6/15,2,3,819,8,1,0,WCSP,C,53,,,,IN WILLOWS BY INLET,23.4
2015,AMPHIT,AMPHIT2,2,7/6/15,2,3,819,8,1,0,WCSP,C,53,,,,IN WILLOWS BY INLET,23.4
2015,AMPHIT,AMPHIT2,2,7/6/15,2,3,819,8,1,0,CLNU,C,>300,4,,,,23.4
2015,AMPHIT,AMPHIT2,2,7/6/15,2,1,839,11,1,1.5,DEJU,S,80,,,,TOWARD POINT 2,33.1
2015,AMPHIT,AMPHIT2,2,7/6/15,2,1,839,11,1,1.5,HETH,S,>300,,,,UPPER PART OF BASIN,33.1
2015,AMPHIT,AMPHIT2,2,7/6/15,2,1,839,11,1,1.5,HETH,S,>300,,,,UPPER PART OF BASIN,33.1
2015,AMPHIT,AMPHIT2,2,7/6/15,2,1,839,11,1,1.5,WCSP,S,130,3,,,,33.1
2015,AMPHIT,AMPHIT2,2,7/6/15,2,1,839,11,1,1.5,CLNU,C,>300,,,,,33.1
2015,AMPHIT,AMPHIT2,2,7/6/15,2,1,839,11,1,1.5,DEJU,S,200,3,,,,33.1
2015,AMPHIT,AMPHIT2,2,7/6/15,2,1,839,11,1,1.5,ROWR,S,>300,,,,ACROSS LAKE,33.1
2015,AMPHIT,AMPHIT2,2,7/6/15,2,1,839,11,1,1.5,GCRF,V,8,,,,1 FLEDGLING-- FORAGE UNDER TREE,33.1
2015,AMPHIT,AMPHIT2,2,7/6/15,2,1,839,11,1,1.5,GCRF,V,8,,,,FORAGE UNDER TREE,33.1
2015,AMPHIT,AMPHIT2,2,7/6/15,2,1,839,11,1,1.5,GCRF,V,FO,,,,,33.1
2015,AMPHIT,AMPHIT2,2,7/6/15,2,1,839,11,1,1.5,HETH,S,>300,,,,,33.1
2015,AMPHIT,AMPHIT2,2,7/6/15,2,1,839,11,1,1.5,DEJU,S,9,,,,IN CAMP TREE,33.1
2015,AMPHIT,AMPHIT2,2,7/6/15,2,1,839,11,1,1.5,DUFL,S,78,,,Y,,33.1
2015,AMPHIT,AMPHIT2,2,7/6/15,2,1,839,11,1,1.5,MOCH,C,105,,,Y,,33.1
2015,AMPHIT,AMPHIT2,2,7/6/15,2,2,900,11,1,2,ROWR,S,105,1,,,,32.2
2015,AMPHIT,AMPHIT2,2,7/6/15,2,2,900,11,1,2,DEJU,S,49,1,,,,32.2
2015,AMPHIT,AMPHIT2,2,7/6/15,2,2,900,11,1,2,DEJU,C,115,,,,,32.2
2015,AMPHIT,AMPHIT2,2,7/6/15,2,2,900,11,1,2,CLNU,C,160,1,,,,32.2
2015,AMPHIT,AMPHIT2,2,7/6/15,2,2,900,11,1,2,CLNU,C,160,3,,,,32.2
2015,AMPHIT,AMPHIT2,2,7/6/15,2,2,900,11,1,2,RUHU,V,FO,,,Y,,32.2
2015,AMPHIT,AMPHIT2,2,7/6/15,2,2,900,11,1,2,RUHU,V,FO,,,Y,,32.2
2015,AMPHIT,AMPHIT2,2,7/6/15,2,2,900,11,1,2,ROWR,S,96,,,Y,CS W/ FIRST ROWR,32.2
2015,AMPHIT,AMPHIT2,2,7/6/15,2,2,900,11,1,2,WCSP,S,30,,,Y,,32.2
2015,AMPHIT,AMPHIT2,2,7/6/15,2,2,900,11,1,2,WIWA,S,69,,,Y,,32.2
2015,AMPHIT,AMPHIT2,2,7/6/15,2,2,900,11,1,2,CAFI,S,90,,,Y,,32.2
2015,AMPHIT,AMPHIT1,1,7/7/15,2,4,748,1,0,0,GCRF,V,94,,,,,ND
2015,AMPHIT,AMPHIT1,1,7/7/15,2,3,805,1,1,0,AMPI,V,7,,,,HUGE FOOD CARRY- INSECTS! FLEW TOWARD POINT 4,ND
2015,AMPHIT,AMPHIT1,1,7/7/15,2,3,805,1,1,0,GCRF,V,179,,,,FORAGING BY POINT 4,ND
2015,AMPHIT,AMPHIT1,1,7/7/15,2,3,805,1,1,0,GCRF,V,179,,,,FORAGING BY POINT 4,ND
2015,AMPHIT,AMPHIT1,1,7/7/15,2,3,805,1,1,0,GCRF,V,179,,,,FORAGING BY POINT 4,ND
2015,AMPHIT,AMPHIT1,1,7/7/15,2,3,805,1,1,0,GCRF,C,9,,,,,ND
2015,AMPHIT,AMPHIT1,1,7/7/15,2,3,805,1,1,0,AMPI,C,105,,,,PEW PEW ALARM CALLS,ND
2015,AMPHIT,AMPHIT1,1,7/7/15,2,2,828,7,0,0,GCRF,C,26,3,,,"BUCCAL POUCH FULL, CARRIED NORTH OF LAKE",ND
2015,AMPHIT,AMPHIT1,1,7/7/15,2,2,828,7,0,0,GCRF,C,26,3,,,"BUCCAL POUCH FULL, CARRIED NORTH OF LAKE",ND
2015,AMPHIT,AMPHIT1,1,7/7/15,2,2,828,7,0,0,AMPI,C,20,3,,,"SINGLE CALLS, REPEATED CIRCULAR FLIGHTS",ND
2015,AMPHIT,AMPHIT1,1,7/7/15,2,2,828,7,0,0,GCRF,V,220,3,,Y,,ND
2015,AMPHIT,AMPHIT1,1,7/7/15,2,2,828,7,0,0,DEJU,S,228,,,Y,,ND
2015,AMPHIT,AMPHIT1,1,7/7/15,2,2,828,7,0,0,AMPI,C,31,,,Y,CALLING WITH AMPI ABOVE,ND
2015,AMPHIT,AMPHIT1,1,7/7/15,2,1,855,7,1,2(3),WCSP,V,78,,,,FOOD CARRY TO TREE ON EAST RIDGE-- INSECTS,ND
2015,AMPHIT,AMPHIT1,1,7/7/15,2,1,855,7,1,2(3),WCSP,V,336,,,,,ND
2015,AMPHIT,AMPHIT1,1,7/7/15,2,1,855,7,1,2(3),GCRF,V,19,3,,,FORAGING ON LAKE,ND
2015,AMPHIT,AMPHIT1,1,7/7/15,2,1,855,7,1,2(3),GCRF,V,19,3,,,FORAGING ON LAKE,ND
2015,AMPHIT,AMPHIT1,1,7/7/15,2,1,855,7,1,2(3),GCRF,V,19,3,,,FORAGING ON LAKE,ND
2015,AMPHIT,AMPHIT1,1,7/7/15,2,1,855,7,1,2(3),ROWR,S,13,,,,FC OVER N RIDGE-- INSECTS,ND
2015,AMPHIT,AMPHIT1,1,7/7/15,2,1,855,7,1,2(3),ROWR,V,112,,,Y,PAIR,ND
2015,AMPHIT,AMPHIT1,1,7/7/15,2,1,855,7,1,2(3),ROWR,V,112,,,Y,PAIR,ND
2015,AMPHIT,AMPHIT1,1,7/7/15,2,1,855,7,1,2(3),GCRF,V,97,3,,,,ND
2015,CENTER,CENTER1,1,7/17/15,4,1,727,-2,0,0,XXHU,C,40,,,,,4.4
2015,CENTER,CENTER1,1,7/17/15,4,1,727,-2,0,0,WCSP,C,29,,,,CALLING WITH WCSP BELOW,4.4
2015,CENTER,CENTER1,1,7/17/15,4,1,727,-2,0,0,WCSP,C,26,,,,CALLING WITH WCSP ABOVE,4.4
2015,CENTER,CENTER1,1,7/17/15,4,1,727,-2,0,0,CLNU,C,65,,,,,4.4
2015,CENTER,CENTER1,1,7/17/15,4,1,727,-2,0,0,ROWR,V,32,,,,FLEW TOWARD OUTLET,4.4
2015,CENTER,CENTER1,1,7/17/15,4,1,727,-2,0,0,DEJU,V,38,,,,PAIR,4.4
2015,CENTER,CENTER1,1,7/17/15,4,1,727,-2,0,0,DEJU,V,38,,,,PAIR,4.4
2015,CENTER,CENTER1,1,7/17/15,4,1,727,-2,0,0,CLNU,C,20,,,,,4.4
2015,CENTER,CENTER1,1,7/17/15,4,1,727,-2,0,0,FOSP,S,51,,,Y,BY OUTLET,4.4
2015,CENTER,CENTER1,1,7/17/15,4,1,727,-2,0,0,ROWR,V,53,,,Y,PAIR,4.4
2015,CENTER,CENTER1,1,7/17/15,4,1,727,-2,0,0,ROWR,V,53,,,Y,PAIR,4.4
2015,CENTER,CENTER1,1,7/17/15,4,1,727,-2,0,0,DEJU,S,51,,,Y,,4.4
2015,CENTER,CENTER1,1,7/17/15,4,2,802,5,1,0,CLNU,C,99,1,,,,7.2
2015,CENTER,CENTER1,1,7/17/15,4,2,802,5,1,0,DEJU,S,21,,,,,7.2
2015,CENTER,CENTER1,1,7/17/15,4,2,802,5,1,0,DEJU,V,17,,,,PARENT W/ OFFSPRING?,7.2
2015,CENTER,CENTER1,1,7/17/15,4,2,802,5,1,0,DEJU,V,16,,,,PARENT W/ OFFSPRING?,7.2
2015,CENTER,CENTER1,1,7/17/15,4,2,802,5,1,0,WCSP,S,86,,,,,7.2
2015,CENTER,CENTER1,1,7/17/15,4,2,802,5,1,0,WCSP,V,13,,,,,7.2
2015,CENTER,CENTER1,1,7/17/15,4,2,802,5,1,0,DEJU,S,61,,,,PARENT W/ OFFSPRING,7.2
2015,CENTER,CENTER1,1,7/17/15,4,2,802,5,1,0,DEJU,V,61,,,,PARENT W/ OFFSPRING,7.2
2015,CENTER,CENTER1,1,7/17/15,4,2,802,5,1,0,CLNU,V,48,,,,,7.2
2015,CENTER,CENTER2,2,7/18/15,4,2,723,4,0,3(4),DUFL,C,75,,,,TOWARD SM,6.7
2015,CENTER,CENTER2,2,7/18/15,4,2,723,4,0,3(4),GCRF,C,95,,,,ACROSS INLET,6.7
2015,CENTER,CENTER2,2,7/18/15,4,2,723,4,0,3(4),WCSP,C,9,,,,ALARM CALLING FOR MINUTES,6.7
2015,CENTER,CENTER2,2,7/18/15,4,2,723,4,0,3(4),WCSP,C,31,,,,,6.7
2015,CENTER,CENTER2,2,7/18/15,4,2,723,4,0,3(4),ROWR,S,160,,,,,6.7
2015,CENTER,CENTER2,2,7/18/15,4,2,723,4,0,3(4),GCRF,C,FO,,,Y,,6.7
2015,CENTER,CENTER2,2,7/18/15,4,2,723,4,0,3(4),AMPI,C,102,,,Y,,6.7
2015,CENTER,CENTER2,2,7/18/15,4,1,743,9,0,4,DEJU,C,13,,,,BEHIND SM TREE,7.2
2015,CENTER,CENTER2,2,7/18/15,4,1,743,9,0,4,WCSP,V,14,,,,FORAGING IN WET MEADOW/INLET STREAM,7.2
2015,CENTER,CENTER2,2,7/18/15,4,1,743,9,0,4,WCSP,V,38,,,,FORAGING IN WET MEADOW/INLET STREAM,7.2
2015,CENTER,CENTER2,2,7/18/15,4,1,743,9,0,4,DEJU,C,29,,,,,7.2
2015,CENTER,CENTER2,2,7/18/15,4,1,743,9,0,4,CLNU,C,215,,,,W SIDE OF LAKE (SUN),7.2
2015,CENTER,CENTER2,2,7/18/15,4,1,743,9,0,4,GCRF,V,FO,,,,FROM WEST SIDE,7.2
2015,CENTER,CENTER2,2,7/18/15,4,1,743,9,0,4,GCRF,V,FO,,,,,7.2
2015,CENTER,CENTER2,2,7/18/15,4,1,743,9,0,4,GCRF,V,FO,,,,,7.2
2015,CENTER,CENTER2,2,7/18/15,4,1,743,9,0,4,GCRF,V,FO,,,,,7.2
2015,CENTER,CENTER2,2,7/18/15,4,1,743,9,0,4,GCRF,V,FO,,,,,7.2
2015,CENTER,CENTER2,2,7/18/15,4,1,743,9,0,4,WIWA,V,27,,,Y,FLEW QUICKLY-- CONFIRMED WIWA MALE BY SIGHT POST-COUNT,7.2
2015,CENTER,CENTER2,2,7/18/15,4,1,743,9,0,4,DUFL,C,75,,,Y,IN WOODS TO NORTH,7.2
2015,CENTER,CENTER2,2,7/18/15,4,3,810,9,1,4(5),DEJU,V,59,,,,,9.2
2015,CENTER,CENTER2,2,7/18/15,4,3,810,9,1,4(5),DEJU,V,59,,,,,9.2
2015,CENTER,CENTER2,2,7/18/15,4,3,810,9,1,4(5),MOCH,C,59,,,Y,,9.2
2015,CENTER,CENTER2,2,7/18/15,4,3,810,9,1,4(5),YRWA,V,75,,,,,9.2
2015,CENTER,CENTER2,2,7/18/15,4,3,810,9,1,4(5),MOCH,C,88,,,Y,,9.2
2015,CENTER,CENTER2,2,7/18/15,4,4,827,10,1,4,ROWR,S,41,,,,UP ON TALUS BELOW CENTER PEAK,10.5
2015,CENTER,CENTER2,2,7/18/15,4,4,827,10,1,4,AMPI,C,61,,,Y,ON TALUS TO WEST,10.5
2015,WRIGHT,WRIGHT1,1,7/22/15,2,1,915,12,1,0,GCRF,C,61,,,,BEGGING FLEDGLING,32.7
2015,WRIGHT,WRIGHT1,1,7/22/15,2,1,915,12,1,0,GCRF,V,61,,,,ADULT-- FORAGING ON SHORELINE,32.7
2015,WRIGHT,WRIGHT1,1,7/22/15,2,1,915,12,1,0,GCRF,V,39,,Y,,GROUP ACROSS LAKE,32.7
2015,WRIGHT,WRIGHT1,1,7/22/15,2,1,915,12,1,0,GCRF,V,39,,,,GROUP ACROSS LAKE,32.7
2015,WRIGHT,WRIGHT1,1,7/22/15,2,1,915,12,1,0,GCRF,V,39,,,,GROUP ACROSS LAKE,32.7
2015,WRIGHT,WRIGHT1,1,7/22/15,2,1,915,12,1,0,GCRF,V,39,,,,GROUP ACROSS LAKE,32.7
2015,WRIGHT,WRIGHT1,1,7/22/15,2,1,915,12,1,0,GCRF,V,39,,,,GROUP ACROSS LAKE,32.7
2015,WRIGHT,WRIGHT1,1,7/22/15,2,1,915,12,1,0,XXXX,V,101,,,,HIDDEN IN OUTLET WILLOWS,32.7
2015,WRIGHT,WRIGHT1,1,7/22/15,2,1,915,12,1,0,ROWR,C,72,,,Y,,32.7
2015,WRIGHT,WRIGHT1,1,7/22/15,2,2,938,,,1,WCSP,V,9,,,,FLUSHED FROM WILLOW,30.3
2015,WRIGHT,WRIGHT1,1,7/22/15,2,2,938,,,1,WCSP,V,9,,,,FLUSHED FROM WILLOW,30.3
2015,WRIGHT,WRIGHT1,1,7/22/15,2,2,938,,,1,WCSP,V,9,,,,FLUSHED FROM WILLOW,30.3
2015,WRIGHT,WRIGHT1,1,7/22/15,2,2,938,,,1,XXXX,V,51,,,,IN WILLOW AT WATERFALL,30.3
2015,WRIGHT,WRIGHT2,2,7/22/15,2,1,824,7,1,0,CLNU,C,89,,,,,25.4
2015,WRIGHT,WRIGHT2,2,7/22/15,2,1,824,7,1,0,GCRF,C,180,,,,GCRF BEGGING CALL ACROSS LAKE,25.4
2015,WRIGHT,WRIGHT2,2,7/22/15,2,1,824,7,1,0,NOFL,C,172,,,,ACROSS LAKE-- CLEAR! CALL,25.4
2015,WRIGHT,WRIGHT2,2,7/22/15,2,1,824,7,1,0,NOFL,C,205,,,,WIK WIK CALL,25.4
2015,WRIGHT,WRIGHT2,2,7/22/15,2,1,824,7,1,0,DUFL,V,71,,,,FC-- LANDED ON NORTH SHORE LOOKING FOR FLEDGLING?,25.4
2015,WRIGHT,WRIGHT2,2,7/22/15,2,1,824,7,1,0,DEJU,V,72,,,,FORAGING ON GRASS NEAR SHORE,25.4
2015,WRIGHT,WRIGHT2,2,7/22/15,2,1,824,7,1,0,GCRF,C,165,,,Y,,25.4
2015,WRIGHT,WRIGHT2,2,7/22/15,2,1,824,7,1,0,ROWR,S,137,,,Y,SANG AFTER COUNTS,25.4
2015,UPKERN,UPKERN1,1,7/21/15,2,1,751,,0,3,MOBL,S,78,,,,ADULT,14.3
2015,UPKERN,UPKERN1,1,7/21/15,2,1,751,,0,3,MOBL,V,78,,,,JUV OR FEMALE,14.3
2015,UPKERN,UPKERN1,1,7/21/15,2,1,751,,0,3,ROWR,S,131,,,,,14.3
2015,UPKERN,UPKERN1,1,7/21/15,2,1,751,,0,3,GCRF,C,200,,,,,14.3
2015,UPKERN,UPKERN1,1,7/21/15,2,1,751,,0,3,AMPI,V,53,,,,ON SHORE,14.3
2015,UPKERN,UPKERN1,1,7/21/15,2,1,751,,0,3,AMPI,C,105,,,,FLEDGLINGS WITH AMPI ABOVE,14.3
2015,UPKERN,UPKERN1,1,7/21/15,2,1,751,,0,3,AMPI,C,105,,,,FLEDGLINGS WITH AMPI ABOVE,14.3
2015,UPKERN,UPKERN1,1,7/21/15,2,1,751,,0,3,GCRF,C,9,,,Y,FLEW OVER MIC,14.3
2015,UPKERN,UPKERN2,2,7/21/15,2,1,908,,1,4,WCSP,C,21,,,,INCESSANT CALLING FROM WILLOW BY INLET STREAM,26.2
2015,UPKERN,UPKERN2,2,7/21/15,2,1,908,,1,4,WCSP,V,21,,,,FLEDGLING FED BY WCSP ABOVE,26.2
2015,UPKERN,UPKERN2,2,7/21/15,2,1,908,,1,4,WCSP,C,30,,,,FORAGING ON GRASSY SHORE,26.2
2015,UPKERN,UPKERN2,2,7/21/15,2,1,908,,1,4,CLNU,C,155,,,,,26.2
2015,UPKERN,UPKERN2,2,7/21/15,2,1,908,,1,4,AMPI,V,16,,,,FC,26.2
2015,UPKERN,UPKERN2,2,7/21/15,2,1,908,,1,4,MOBL,S,41,,,,DC FROM UPKERN1,26.2
2015,UPKERN,UPKERN2,2,7/21/15,2,1,908,,1,4,MOBL,V,41,,,,DC FROM UPKERN1,26.2
2015,UPKERN,UPKERN2,2,7/21/15,2,1,908,,1,4,ROWR,C,88,,,Y,,26.2
2015,UPKERN,UPKERN2,2,6/22/15,1,1,637,3,0,0,WCSP,C,30,,,,FORAGING,3.4
2015,UPKERN,UPKERN2,2,6/22/15,1,1,637,3,0,0,WCSP,C,80,,,,CALLING BACK TO FIRST WCSP,3.4
2015,UPKERN,UPKERN2,2,6/22/15,1,1,637,3,0,0,AMPI,V,75,,,,FLEW OVER LAKE,3.4
2015,UPKERN,UPKERN2,2,6/22/15,1,1,637,3,0,0,AMPI,V,75,,,,FLEW OVER LAKE,3.4
2015,UPKERN,UPKERN2,2,6/22/15,1,1,637,3,0,0,ROWR,S,80,,,,,3.4
2015,UPKERN,UPKERN2,2,6/22/15,1,1,637,3,0,0,ROWR,S,150,,,,,3.4
2016,center,center2,2,6/7/16,1,1,703,,0,2,amro,s,200,2,,,,ND
2016,center,center2,2,6/7/16,1,1,703,,0,2,dufl,v,fo,,,,flew past and landed,ND
2016,center,center2,2,6/7/16,1,1,703,,0,2,ampi,c ,300,,,,across lake,ND
2016,center,center2,2,6/7/16,1,1,703,,0,2,wcsp,v,48,,,y,forage on wetlands near lake,ND
2016,center,center2,2,6/7/16,1,1,703,,0,2,wcsp,v,45,,,y,contact call with other wcsp,ND
2016,center,center2,2,6/7/16,1,2,641,,0,0,wiwa,s,50,,,,,ND
2016,center,center2,2,6/7/16,1,2,641,,0,0,amro,c ,91,3,,,,ND
2016,center,center2,2,6/7/16,1,2,641,,0,0,amro,v,91,,,,,ND
2016,center,center2,2,6/7/16,1,2,641,,0,0,amro,v,91,,,,,ND
2016,center,center2,2,6/7/16,1,2,641,,0,0,heth,s,90,,,,heard call first,ND
2016,center,center2,2,6/7/16,1,2,641,,0,0,deju,s ,110,,,,,ND
2016,center,center2,2,6/7/16,1,2,641,,0,0,dufl,s,89,,,,,ND
2016,center,center2,2,6/7/16,1,2,641,,0,0,ampi,c ,fo,,,y,,ND
2016,center,center2,2,6/7/16,1,3,621,,0,1,deju,s,61,,,,,ND
2016,center,center2,2,6/7/16,1,3,621,,0,1,wcsp,c,10,,,,,ND
2016,center,center2,2,6/7/16,1,3,621,,0,1,dufl,s,21,,,,,ND
2016,center,center2,2,6/7/16,1,3,621,,0,1,clnu,v,51,,,,,ND
2016,center,center2,2,6/7/16,1,3,621,,0,1,heth,s,79,,,,called first,ND
2016,center,center2,2,6/7/16,1,3,621,,0,1,fosp,s,83,,,,,ND
2016,center,center2,2,6/7/16,1,3,621,,0,1,amro,s,69,,,,,ND
2016,center,center2,2,6/7/16,1,3,621,,0,1,heth,s,200,,,y,,ND
2016,center,center2,2,6/7/16,1,3,621,,0,1,amro,s,80,,,y,,ND
2016,center,center1,1,6/7/16,1,1,903,,1,0,xxxx,s,200,,,,,23.7
2016,center,center1,1,6/7/16,1,1,903,,1,0,fosp,s,190,,,,,23.7
2016,center,center1,1,6/7/16,1,1,903,,1,0,clnu,v,20,,,,foraging on shore,23.7
2016,center,center1,1,6/7/16,1,1,903,,1,0,clnu,c,250,,,,,23.7
2016,center,center1,1,6/7/16,1,1,903,,1,0,clnu,c,300,2,,,,23.7
2016,center,center1,1,6/7/16,1,1,903,,1,0,clnu,c ,300,2,,,,23.7
2016,center,center1,1,6/7/16,1,1,903,,1,0,dufl,s,150,,,,,23.7
2016,center,center1,1,6/7/16,1,1,903,,1,0,clnu,c,65,,,,,23.7
2016,center,center1,1,6/7/16,1,1,903,,1,0,clnu,c,40,,,,,23.7
2016,center,center1,1,6/7/16,1,1,903,,1,0,heth,s,300,,,y,,23.7
2016,center,center1,1,6/7/16,1,2,844,,1,0,clnu,c,300,,,,,20.1
2016,center,center1,1,6/7/16,1,2,844,,1,0,clnu,c,300,,,,,20.1
2016,center,center1,1,6/7/16,1,2,844,,1,0,clnu,c,300,,,,,20.1
2016,center,center1,1,6/7/16,1,2,844,,1,0,clnu,c,300,,,,,20.1
2016,center,center1,1,6/7/16,1,2,844,,1,0,wcsp,s,200,,,,,20.1
2016,center,center1,1,6/7/16,1,2,844,,1,0,deju,s,115,,,,,20.1
2016,center,center1,1,6/7/16,1,2,844,,1,0,fosp,s,210,,,,,20.1
2016,center,center1,1,6/7/16,1,2,844,,1,0,yrwa,s,200,,,,,20.1
2016,center,center1,1,6/7/16,1,2,844,,1,0,deju,v,70,,,,flying through woods,20.1
2016,center,center1,1,6/7/16,1,2,844,,1,0,clnu,v,95,,,,flew away,20.1
2016,center,center1,1,6/7/16,1,2,844,,1,0,deju,s,81,,,,,20.1
2016,center,center1,1,6/7/16,1,2,844,,1,0,deju,s,115,,,y,,20.1
2016,center,center1,1,7/5/16,2,1,759,9,1,0,fosp,s,21,,,,,16.6
2016,center,center1,1,7/5/16,2,1,759,9,1,0,clnu,c,19,,,,,16.6
2016,center,center1,1,7/5/16,2,1,759,9,1,0,wcsp,s,18,,,,then flew to forage on opposite shore ~ 50m from outlet,16.6
2016,center,center1,1,7/5/16,2,1,759,9,1,0,deju,s,150,,,,by outlet,16.6
2016,center,center1,1,7/5/16,2,1,759,9,1,0,deju,s,160,,,,pair with below,16.6
2016,center,center1,1,7/5/16,2,1,759,9,1,0,deju,v,160,,,,by willows near sticky traps,16.6
2016,center,center1,1,7/5/16,2,1,759,9,1,0,deju,s,200,,,,,16.6
2016,center,center1,1,7/5/16,2,1,759,9,1,0,clnu,c,25,,,,,16.6
2016,center,center1,1,7/5/16,2,1,759,9,1,0,fosp,v,1,,,,foraging behind me,16.6
2016,center,center1,1,7/5/16,2,1,759,9,1,0,rowr,s,88,,,y,,16.6
2016,center,center1,1,7/5/16,2,1,759,9,1,0,gcrf,c,100,,,y,,16.6
2016,center,center1,1,7/5/16,2,2,820,8,1,0,deju,c,40,,,,along shoreline,26.9
2016,center,center1,1,7/5/16,2,2,820,8,1,0,deju,c,40,,,,"pair with above, along shoreline",26.9
2016,center,center1,1,7/5/16,2,2,820,8,1,0,deju,v,80,,,,,26.9
2016,center,center1,1,7/5/16,2,2,820,8,1,0,clnu,c,95,y,,,,26.9
2016,center,center1,1,7/5/16,2,2,820,8,1,0,clnu,c,95,y,,,,26.9
2016,center,center1,1,7/5/16,2,2,820,8,1,0,moch,c,105,,,,,26.9
2016,center,center1,1,7/5/16,2,2,820,8,1,0,wcsp,s,200,,,,upslope,26.9
2016,center,center1,1,7/5/16,2,2,820,8,1,0,clnu,c,35,y,,,,26.9
2016,center,center1,1,7/5/16,2,2,820,8,1,0,clnu,c,35,y,,,,26.9
2016,center,center1,1,7/5/16,2,2,820,8,1,0,gcrf,c,89,,,,flew past outlet from talus on north shore,26.9
2016,center,center2,2,7/6/16,2,4,711,0,0,0,ampi,v,5,,,,foraging on shoreline,4.1
2016,center,center2,2,7/6/16,2,4,711,0,0,0,ampi,v,5,,,,foraging on shoreline,4.1
2016,center,center2,2,7/6/16,2,4,711,0,0,0,wcsp,s,81,,,,,4.1
2016,center,center2,2,7/6/16,2,4,711,0,0,0,wcsp,s,300,,,,,4.1
2016,center,center2,2,7/6/16,2,4,711,0,0,0,deju,s,72,,,,,4.1
2016,center,center2,2,7/6/16,2,4,711,0,0,0,gcrf,v,7,,,,"foraging on shoreline, flew in direction of CENTER 1 after a single lap around CENTER2",4.1
2016,center,center2,2,7/6/16,2,4,711,0,0,0,gcrf,v,7,,,,"foraging on shoreline, flew in direction of CENTER 1 after a single lap around CENTER3",4.1
2016,center,center2,2,7/6/16,2,4,711,0,0,0,gcrf,v,7,,,,"foraging on shoreline, flew in direction of CENTER 1 after a single lap around CENTER4",4.1
2016,center,center2,2,7/6/16,2,3,734,0,1,1,amro,v,1,,,,food carry,4.6
2016,center,center2,2,7/6/16,2,3,734,0,1,1,wcsp,s,200,,,,,4.6
2016,center,center2,2,7/6/16,2,3,734,0,1,1,cafi,c,71,,,,begging call,4.6
2016,center,center2,2,7/6/16,2,3,734,0,1,1,deju,v,7,,,,foraging in grass,4.6
2016,center,center2,2,7/6/16,2,3,734,0,1,1,gcrf,c,115,y,,,,4.6
2016,center,center2,2,7/6/16,2,3,734,0,1,1,gcrf,c,115,y,,,,4.6
2016,center,center2,2,7/6/16,2,3,734,0,1,1,gcrf,c,115,y,,,,4.6
2016,center,center2,2,7/6/16,2,3,734,0,1,1,chsp,s,80,,,,,4.6
2016,center,center2,2,7/6/16,2,3,734,0,1,1,wcsp,v,24,,,,pair foraging quietly,4.6
2016,center,center2,2,7/6/16,2,3,734,0,1,1,wcsp,v,24,,,,pair foraging quietly,4.6
2016,center,center2,2,7/6/16,2,3,734,0,1,1,xxhu,v,6,,,y,female,4.6
2016,center,center2,2,7/6/16,2,1,755,4,1,1,deju,s,200,,,,"very faint, could be chsp",6.2
2016,center,center2,2,7/6/16,2,1,755,4,1,1,cafi,c,105,y,,,,6.2
2016,center,center2,2,7/6/16,2,1,755,4,1,1,wiwa,s,23,,,,and chipping,6.2
2016,center,center2,2,7/6/16,2,1,755,4,1,1,dufl,s,80,,,,,6.2
2016,center,center2,2,7/6/16,2,1,755,4,1,1,wcsp,c,9,,,,,6.2
2016,center,center2,2,7/6/16,2,1,755,4,1,1,gcrf,c,70,y,,,,6.2
2016,center,center2,2,7/6/16,2,1,755,4,1,1,gcrf,c,70,y,,,,6.2
2016,center,center2,2,7/6/16,2,1,755,4,1,1,gcrf,c,70,y,,,,6.2
2016,center,center2,2,7/6/16,2,1,755,4,1,1,wcsp,s,250,y,,y,,6.2
2016,center,center2,2,7/6/16,2,1,755,4,1,1,clnu,c,180,,,,uphill,6.2
2016,center,center2,2,7/6/16,2,1,755,4,1,1,amro,v,26,y,,,,6.2
2016,center,center2,2,7/6/16,2,2,810,,1,0,wcsp,v,10,,,,pair w nest chipping,8.9
2016,center,center2,2,7/6/16,2,2,810,,1,0,wcsp,v,10,,,,pair w nest chipping,8.9
2016,center,center2,2,7/6/16,2,2,810,,1,0,wcsp,s,66,,,,to the north,8.9
2016,center,center2,2,7/6/16,2,2,810,,1,0,ampi,v,30,,,y,foraging on grass,8.9
2016,center,center2,2,7/6/16,2,2,810,,1,0,ampi,v,30,,,y,foraging on grass,8.9